Candidate,Party,State,District,Incumbent,Winner,Percentage of Vote,Raised,Spent,Funds Remaining
Jerry Carl,(R),Alabama,District 01 ,False,True,64.9,1971321,1859349,111973
James Averhart,(D),Alabama,District 01 ,False,False,35.0,80095,78973,1122
Barry Moore,(R),Alabama,District 02 ,False,True,65.3,650807,669368,-13633
Phyllis Harvey-Hall,(D),Alabama,District 02 ,False,False,34.6,56050,55988,0
Mike D Rogers,(R),Alabama,District 03 ,True,True,67.5,1193111,1218564,502234
Adia Winfrey,(D),Alabama,District 03 ,False,False,32.4,50273,40971,43
Robert B Aderholt,(R),Alabama,District 04 ,True,True,82.5,1255076,1323812,647004
Mo Brooks,(R),Alabama,District 05 ,True,True,95.8,655365,210045,1137501
Gary Palmer,(R),Alabama,District 06 ,True,True,97.1,907219,909082,370688
Terri Sewell,(D),Alabama,District 07 ,True,True,97.2,2168165,1495957,2243480
Don Young,(R),Alaska,District 01 ,True,True,54.4,1922901,1790448,249173
Alyse Galvin,(I),Alaska,District 01 ,False,False,45.3,5178452,5088103,96594
Tom O'Halleran,(D),Arizona,District 01 ,True,True,51.6,3381353,3324138,63147
Tiffany Shedd,(R),Arizona,District 01 ,False,False,48.4,1675618,1615704,63347
Ann Kirkpatrick,(D),Arizona,District 02 ,True,True,55.1,1849862,1384765,537288
Brandon Martin,(R),Arizona,District 02 ,False,False,44.9,374821,381067,-7418
Raul M Grijalva,(D),Arizona,District 03 ,True,True,64.6,843560,655507,226209
Daniel Wood,(R),Arizona,District 03 ,False,False,35.4,41422,41962,-539
Paul Gosar,(R),Arizona,District 04 ,True,True,69.8,622151,729892,13459
Delina DiSanto,(D),Arizona,District 04 ,False,False,30.2,77168,79758,5974
Andy Biggs,(R),Arizona,District 05 ,True,True,58.9,1602181,1236380,651047
Joan Greene,(D),Arizona,District 05 ,False,False,41.1,356069,209789,147117
David Schweikert,(R),Arizona,District 06 ,True,True,52.2,2265329,2249979,59582
Hiral Tipirneni,(D),Arizona,District 06 ,False,False,47.8,6301073,6366702,34973
Tom Lewellen,(I),Arizona,District 06 ,False,False,,11685,11000,-3293
Ruben Gallego,(D),Arizona,District 07 ,True,True,76.7,1811754,1653961,616971
Josh Barnett,(R),Arizona,District 07 ,False,False,23.3,28093,17883,10210
Debbie Lesko,(R),Arizona,District 08 ,True,True,59.6,1605245,987453,688633
Michael Muscato,(D),Arizona,District 08 ,False,False,40.4,357906,347734,10172
Greg Stanton,(D),Arizona,District 09 ,True,True,61.6,2001619,1001350,1044655
Dave Giles,(R),Arizona,District 09 ,False,False,38.4,130480,129935,546
Rick Crawford,(R),Arkansas,District 01 ,True,True,100.0,966801,1095518,182708
French Hill,(R),Arkansas,District 02 ,True,True,55.4,3384490,3020491,410779
Joyce Elliott,(D),Arkansas,District 02 ,False,False,44.6,3482463,3478733,3730
Steve Womack,(R),Arkansas,District 03 ,True,True,64.3,1127158,923120,1363257
Celeste Williams (D),(D),Arkansas,District 03 ,False,False,31.8,355294,355294,0
Bruce Westerman,(R),Arkansas,District 04 ,True,True,69.7,1407770,1102573,976806
William Hanson,(D),Arkansas,District 04 ,False,False,27.5,109767,111683,-1916
Doug LaMalfa,(R),California,District 01 ,True,True,56.9,1219556,1155945,91242
Audrey Denney,(D),California,District 01 ,False,False,43.1,2461769,2457661,4601
Jared Huffman,(D),California,District 02 ,True,True,75.7,899419,797753,922442
Dale Mensing,(R),California,District 02 ,False,False,24.3,5921,2197,5391
John Garamendi,(D),California,District 03 ,True,True,54.7,1054066,667320,1111122
Tamika Hamilton,(R),California,District 03 ,False,False,45.3,397099,384584,12515
Tom McClintock,(R),California,District 04 ,True,True,55.9,2053363,2107248,171001
Brynne Kennedy,(D),California,District 04 ,False,False,44.1,3006020,3002532,3489
Mike Thompson,(D),California,District 05 ,True,True,76.8,2208136,2022751,1746172
Doris Matsui,(D),California,District 06 ,True,True,73.4,1019605,1073529,269411
Chris Bish,(R),California,District 06 ,False,False,26.6,44772,44554,965
Ami Bera,(D),California,District 07 ,True,True,56.6,1757748,1053444,2029018
Buzz Patterson,(R),California,District 07 ,False,False,43.4,43876,29614,3532
Jay Obernolte,(R),California,District 08 ,False,True,56.1,1861647,1792064,69583
Chris Bubser,(D),California,District 08 ,False,False,43.9,1858001,1856613,1388
Jerry McNerney,(D),California,District 09 ,True,True,57.6,1177959,1112543,234173
Tony Amador,(R),California,District 09 ,False,False,42.4,52175,52175,0
Josh Harder,(D),California,District 10 ,True,True,55.2,7400135,3950613,3469763
Ted Howze,(R),California,District 10 ,False,False,44.8,1426552,1721882,14241
Mark Desaulnier,(D),California,District 11 ,True,True,73.0,610394,440537,481388
Nisha Sharma,(R),California,District 11 ,False,False,27.0,174954,171870,3085
Nancy Pelosi,(D),California,District 12 ,True,True,77.6,27359508,22064953,6299373
Shahid Buttar,(D),California,District 12 ,False,False,22.4,1672876,1650467,22417
Barbara Lee,(D),California,District 13 ,True,True,90.4,1828213,1750142,210374
Nikka Piterman,(R),California,District 13 ,False,False,9.6,9839,9904,1293
Jackie Speier,(D),California,District 14 ,True,True,79.3,942934,919599,1779772
Eric Swalwell,(D),California,District 15 ,True,True,70.9,2807774,3977839,502929
Jim Costa,(D),California,District 16 ,True,True,59.3,2135525,1835244,410171
Kevin Cookingham,(R),California,District 16 ,False,False,40.7,265364,265364,0
Ro Khanna,(D),California,District 17 ,True,True,71.3,3837982,2455457,2261128
Ritesh Tandon,(R),California,District 17 ,False,False,28.7,175536,175015,522
Anna Eshoo,(D),California,District 18 ,True,True,63.2,2114909,2059158,552799
Rishi Kumar,(D),California,District 18 ,False,False,36.8,674383,691938,-17555
Zoe Lofgren,(D),California,District 19 ,True,True,71.7,1755555,1731700,1160537
Justin Aguilera,(R),California,District 19 ,False,False,28.3,9112,11542,1441
Jimmy Panetta,(D),California,District 20 ,True,True,76.8,2009894,1592671,1175357
Jeff Gorman,(R),California,District 20 ,False,False,23.2,67634,64947,2687
TJ Cox,(D),California,District 21 ,True,False,49.6,5695157,5694005,55943
David Valadao,(R),California,District 21 ,False,True,50.4,4067880,3982587,164211
Devin Nunes,(R),California,District 22 ,True,True,54.2,26825212,20156093,10908033
Phil Arballo,(D),California,District 22 ,False,False,45.8,5091451,5062185,29266
Kevin McCarthy,(R),California,District 23 ,True,True,62.1,27780644,24265583,4802133
Kim Mangone,(D),California,District 23 ,False,False,37.9,1671101,1665373,5728
Salud Carbajal,(D),California,District 24 ,True,True,58.7,2117836,1451622,1400705
Andy Caldwell,(R),California,District 24 ,False,False,41.3,1298798,1268199,34587
Julia Brownley,(D),California,District 26 ,True,True,60.6,1976695,1314677,3113430
Ronda Kennedy,(R),California,District 26 ,False,False,39.4,246226,67208,177973
Judy Chu,(D),California,District 27 ,True,True,69.8,1213706,956298,2781770
Johnny Nalbandian,(R),California,District 27 ,False,False,30.2,39584,39159,462
Adam Schiff,(D),California,District 28 ,True,True,72.7,19382855,10188664,13908271
Eric Early,(R),California,District 28 ,False,False,27.3,4085322,3790027,295295
Tony Cardenas,(D),California,District 29 ,True,True,56.6,1419697,1213588,529789
Angelica Duenas,(3),California,District 29 ,False,False,43.4,78083,76627,1456
Brad Sherman,(D),California,District 30 ,True,True,69.5,1513374,1111826,2624621
Pete Aguilar,(D),California,District 31 ,True,True,61.3,2475748,1861434,1839594
Agnes Gibboney,(R),California,District 31 ,False,False,38.7,138687,127907,10780
Grace Napolitano,(D),California,District 32 ,True,True,66.6,478426,251047,533330
Joshua Scott,(R),California,District 32 ,False,False,33.4,23624,14248,10155
Ted Lieu,(D),California,District 33 ,True,True,67.6,1661436,1582573,1944364
James Bradley,(R),California,District 33 ,False,False,32.4,78910,79035,0
Jimmy Gomez,(D),California,District 34 ,True,True,53.0,1401166,1268312,489519
David Kim,(D),California,District 34 ,False,False,47.0,193430,80381,99638
Norma Torres,(D),California,District 35 ,True,True,69.3,654727,664600,207654
Mike Cargile,(R),California,District 35 ,False,False,30.7,36113,35915,198
Raul Ruiz,(D),California,District 36 ,True,True,60.3,2402624,1732443,2316172
Erin Cruz,(R),California,District 36 ,False,False,39.7,54217,53840,782
Karen Bass,(D),California,District 37 ,True,True,85.9,2216467,1202942,1325864
Errol Webber,(R),California,District 37 ,False,False,14.1,66398,174076,0
Linda Sanchez,(D),California,District 38 ,True,True,74.3,1246008,1140165,840983
Gil Cisneros,(D),California,District 39 ,True,False,49.4,4370133,4350464,101108
Young Kim,(R),California,District 39 ,False,True,50.6,6424556,6021651,408239
Lucille Roybal-Allard,(D),California,District 40 ,True,True,72.7,739790,741379,38543
Antonio Delgado,(R),California,District 40 ,False,False,27.3,85014,79270,5744
Mark Takano,(D),California,District 41 ,True,True,64.0,1020456,949494,163964
Aja Smith,(R),California,District 41 ,False,False,36.0,660658,659909,1016
Ken Calvert,(R),California,District 42 ,True,True,57.1,1441812,1549113,410599
Liam O'Mara,(D),California,District 42 ,False,False,42.9,130065,128782,1283
Maxine Waters,(D),California,District 43 ,True,True,71.7,1836660,1906957,320867
Joe Collins,(R),California,District 43 ,False,False,28.3,10556626,9921103,635523
Nanette Barragan,(D),California,District 44 ,True,True,67.8,1173909,714023,1050752
Katie Porter,(D),California,District 45 ,True,True,53.5,16627706,6443700,10267752
Greg Raths,(R),California,District 45 ,False,False,46.5,1245767,1241713,1998
Lou Correa,(D),California,District 46 ,True,True,68.8,1192715,650707,1145701
Alan Lowenthal,(D),California,District 47 ,True,True,63.3,678648,854902,393035
John Briscoe,(R),California,District 47 ,False,False,36.7,25302,21538,10390
Harley Rouda,(D),California,District 48 ,True,False,48.9,5968858,6174443,70080
Michelle Steel,(R),California,District 48 ,False,True,51.1,6305665,6148591,157074
Mike Levin,(D),California,District 49 ,True,True,53.1,3845768,2901566,1502261
Brian Maryott,(R),California,District 49 ,False,False,46.9,2810253,2808217,11794
Darrell Issa,(R),California,District 50 ,False,True,54.0,11239670,10947106,292563
Ammar Campa-Najjar,(D),California,District 50 ,False,False,46.0,6248210,6247762,3438
Juan Vargas,(D),California,District 51 ,True,True,68.3,799734,801671,69739
Juan Hidalgo,(R),California,District 51 ,False,False,31.7,83730,81182,-8419
Scott Peters,(D),California,District 52 ,True,True,61.6,1911791,2131849,1581118
James Debello,(R),California,District 52 ,False,False,38.4,233464,224630,8835
Sara Jacobs,(D),California,District 53 ,False,True,59.5,7678363,7586186,102167
Georgette Gomez,(D),California,District 53 ,False,False,40.5,1691794,1663252,28542
Diana DeGette,(D),Colorado,District 01 ,True,True,73.7,1201026,1077130,277373
Joseph Neguse,(D),Colorado,District 02 ,True,True,61.5,1353325,674602,893504
Charles Winn,(R),Colorado,District 02 ,False,False,35.4,98338,98338,0
Alex Johnson,(I),Colorado,District 02 ,False,False,,4782,4093,689
Diane Mitsch Bush,(D),Colorado,District 03 ,False,False,45.2,5008274,4984238,28455
Lauren Boebert,(R),Colorado,District 03 ,False,True,51.4,2989510,2632716,356794
Chris Milton,(3),Colorado,District 03 ,False,False,1.0,12012,12012,0
Ken Buck,(R),Colorado,District 04 ,True,True,60.1,478984,539393,290666
Ike McCorkle,(D),Colorado,District 04 ,False,False,36.1,369871,217398,152473
Doug Lamborn,(R),Colorado,District 05 ,True,True,57.6,540712,329011,428777
Jillian Freeland,(D),Colorado,District 05 ,False,False,37.4,185255,175548,553
Rebecca Keltie,(3),Colorado,District 05 ,False,False,0.8,2552,1495,2596
Jason Crow,(D),Colorado,District 06 ,True,True,57.1,4136137,2892443,1289005
Steven House,(R),Colorado,District 06 ,False,False,40.0,1200056,1198044,2012
Jaimie Kulikowski,(3),Colorado,District 06 ,False,False,0.9,72293,110645,0
Ed Perlmutter,(D),Colorado,District 07 ,True,True,59.1,1632262,1339482,1053696
Casper Stockham,(R),Colorado,District 07 ,False,False,37.6,147872,147872,0
Anthony Malgieri,(I),Colorado,District 07 ,False,False,,1930,1958,15
John Larson,(D),Connecticut,District 01 ,True,True,63.7,1377238,1323690,422375
Mary Fay,(R),Connecticut,District 01 ,False,False,35.0,26836,25118,1718
Joe Courtney,(D),Connecticut,District 02 ,True,True,59.4,964731,999360,715813
Justin Anderson,(R),Connecticut,District 02 ,False,False,38.2,80227,78767,1460
Rosa DeLauro,(D),Connecticut,District 03 ,True,True,58.7,1938999,1795635,159728
Margaret Streicker,(R),Connecticut,District 03 ,False,False,39.8,1839080,1835385,3695
Justin Paglino,(3),Connecticut,District 03 ,False,False,1.5,29200,28670,529
Jim Himes,(D),Connecticut,District 04 ,True,True,62.3,1612935,2180029,1823200
Jonathan Riddle,(R),Connecticut,District 04 ,False,False,36.2,31591,17385,11976
Jahana Hayes,(D),Connecticut,District 05 ,True,True,55.1,2037826,1564685,1029607
David Sullivan,(R),Connecticut,District 05 ,False,False,43.5,397395,397370,25
Lisa Blunt Rochester,(D),Delaware,District 01 ,True,True,57.6,2024201,1305618,963766
Lee Murphy,(R),Delaware,District 01 ,False,False,40.2,131394,131862,247
Catherine Purcell,(I),Delaware,District 01 ,False,False,1.4,5344,5103,0
Matt Gaetz,(R),Florida,District 01 ,True,True,64.6,5946646,4482782,1605826
Phil Ehr,(D),Florida,District 01 ,False,False,34.0,2025099,1900451,124648
Bert Oram,(I),Florida,District 01 ,False,False,1.4,8108,7070,1039
Neal Dunn,(R),Florida,District 02 ,True,True,98.0,653488,637580,402063
Kristy Thripp,(I),Florida,District 02 ,False,False,,145,145,0
Kat Cammack,(R),Florida,District 03 ,False,True,57.1,1122188,1090334,31853
Adam Christensen,(D),Florida,District 03 ,False,False,42.9,216021,219108,43481
John Rutherford,(R),Florida,District 04 ,True,True,61.1,1024912,1283701,106937
Donna Deegan,(D),Florida,District 04 ,False,False,38.9,1013157,1013157,0
Al Lawson,(D),Florida,District 05 ,True,True,65.1,848498,695779,167392
Gary Adler,(R),Florida,District 05 ,False,False,34.9,146909,146909,0
Michael Waltz,(R),Florida,District 06 ,True,True,60.6,2549667,1716768,884460
Clint Curtis,(D),Florida,District 06 ,False,False,39.4,24310,22251,12647
Gerry Nolan,(I),Florida,District 06 ,False,False,,4467,5256,-789
Stephanie Murphy,(D),Florida,District 07 ,True,True,55.3,3124692,1798549,1412017
Leo Valentin,(R),Florida,District 07 ,False,False,43.2,1045426,1031316,14110
Bill Garlington,(I),Florida,District 07 ,False,False,1.4,11000,0,11000
Bill Posey,(R),Florida,District 08 ,True,True,61.4,985268,1121834,169964
James Kennedy,(D),Florida,District 08 ,False,False,38.6,138568,138790,836
Darren Soto,(D),Florida,District 09 ,True,True,56.0,1111750,945868,172401
William Olson,(R),Florida,District 09 ,False,False,44.0,404406,401088,3318
Val Demings,(D),Florida,District 10 ,True,True,63.6,1876047,1191020,771422
Vennia Francois,(R),Florida,District 10 ,False,False,36.4,335480,332852,9289
Kristofer Steven Lawson,(I),Florida,District 10 ,False,False,,47,47,0
Daniel Webster,(R),Florida,District 11 ,True,True,66.7,691261,586965,210702
Dana Cottrell,(D),Florida,District 11 ,False,False,33.3,62658,62380,0
Gus Bilirakis,(R),Florida,District 12 ,True,True,62.9,1604137,1548634,75110
Kim Walker,(D),Florida,District 12 ,False,False,37.1,42802,33544,9258
Charlie Crist,(D),Florida,District 13 ,True,True,53.0,2720646,3980695,419008
Anna Paulina Luna,(R),Florida,District 13 ,False,False,47.0,3302944,3262236,40708
Kathy Castor,(D),Florida,District 14 ,True,True,60.3,884651,1201653,423402
Christine Quinn,(R),Florida,District 14 ,False,False,39.7,242144,241187,958
Alan Cohn,(D),Florida,District 15 ,False,False,44.6,2333053,2300197,32856
Scott Franklin,(R),Florida,District 15 ,False,True,55.4,1663898,1638417,25481
Vernon Buchanan,(R),Florida,District 16 ,True,True,55.5,3094611,3100766,73085
Margaret Good,(D),Florida,District 16 ,False,False,44.5,3411924,3407845,4080
Greg Steube,(R),Florida,District 17 ,True,True,64.6,759908,621200,323776
Allen Ellison,(D),Florida,District 17 ,False,False,34.1,83481,78243,6156
Brian Mast,(R),Florida,District 18 ,True,True,56.4,6128177,5301307,994362
Pam Keith,(D),Florida,District 18 ,False,False,41.5,1639873,1632736,7137
Byron Donalds,(R),Florida,District 19 ,False,True,61.3,3219579,2738685,480894
Cindy Banyai,(D),Florida,District 19 ,False,False,38.7,214750,203430,11320
Alcee Hastings,(D),Florida,District 20 ,True,True,78.7,607649,543316,149865
Greg Musselwhite,(R),Florida,District 20 ,False,False,21.3,28955,27538,1418
Lois Frankel,(D),Florida,District 21 ,True,True,59.0,1534882,1309786,1192171
Laura Loomer,(R),Florida,District 21 ,False,False,39.1,2271604,2240689,30915
Charleston Malkemus,(I),Florida,District 21 ,False,False,1.9,28928,28636,292
Ted Deutch,(D),Florida,District 22 ,True,True,58.6,1364438,1265494,459816
Jim Pruden,(R),Florida,District 22 ,False,False,41.4,278416,278416,0
Debbie Wasserman Schultz,(D),Florida,District 23 ,True,True,58.2,2191922,1979903,616233
Carla Spalding,(R),Florida,District 23 ,False,False,41.8,919579,903561,16018
Frederica Wilson,(D),Florida,District 24 ,True,True,75.6,412592,321019,420585
Lavern Spicer,(R),Florida,District 24 ,False,False,20.4,34973,34909,64
Christine Olivo,(I),Florida,District 24 ,False,False,4.0,31646,32898,-956
Mario Diaz-Balart,(R),Florida,District 25 ,True,True,100.0,1590134,804054,933244
Debbie Mucarsel-Powell,(D),Florida,District 26 ,True,False,48.3,6793521,6822740,10598
Carlos Gimenez,(R),Florida,District 26 ,False,True,51.7,2226559,2187389,39171
Donna Shalala,(D),Florida,District 27 ,True,False,48.6,3842907,3735966,169728
Maria Salazar,(R),Florida,District 27 ,False,True,51.4,3654190,3645814,21258
Frank Polo,(I),Florida,District 27 ,False,False,,4606,4662,-56
Buddy Carter,(R),Georgia,District 01 ,True,True,58.4,2315487,1734754,1705925
Joyce Griggs,(D),Georgia,District 01 ,False,False,41.7,130043,125000,5043
Sanford Bishop,(D),Georgia,District 02 ,True,True,59.1,1540683,1440571,192528
Don Cole,(R),Georgia,District 02 ,False,False,40.9,164274,162522,1752
Drew Ferguson,(R),Georgia,District 03 ,True,True,65.0,2374212,2150911,338087
Val Almonord,(D),Georgia,District 03 ,False,False,35.0,35762,31946,14858
Hank Johnson,(D),Georgia,District 04 ,True,True,80.1,628303,490360,182400
Johsira C. Cruz,(R),Georgia,District 04 ,False,False,19.9,12954,23146,-3100
Lucy McBath,(D),Georgia,District 06 ,True,True,54.6,8507298,8586054,139929
Karen Handel,(R),Georgia,District 06 ,False,False,45.4,3026243,3072932,41001
Carolyn Bourdeaux,(D),Georgia,District 07 ,False,True,54.4,5133244,5161230,113948
Richard McCormick,(R),Georgia,District 07 ,False,False,48.6,2595446,2563724,25914
Austin Scott,(R),Georgia,District 08 ,True,True,64.5,821745,716159,666530
Jimmy Cooper,(3),Georgia,District 08 ,False,False,,8542,8528,15
Lindsay Holliday,(D),Georgia,District 08 ,False,False,35.5,7480,5220,210
Andrew Clyde,(R),Georgia,District 09 ,False,True,78.6,1569425,1561316,8108
Devin Pandy,(D),Georgia,District 09 ,False,False,21.4,84272,84623,-1279
Jody Hice,(R),Georgia,District 10 ,True,True,62.3,595947,457648,249916
Tabitha Johnson-Green,(D),Georgia,District 10 ,False,False,37.7,14808,12214,-8
Barry Loudermilk,(R),Georgia,District 11 ,True,True,60.4,877767,700851,372832
Dana Barrett,(D),Georgia,District 11 ,False,False,39.6,404625,394977,9648
Richard W Allen,(R),Georgia,District 12 ,True,True,58.4,1228970,662818,646909
Liz Johnson,(D),Georgia,District 12 ,False,False,41.6,72061,72061,0
David Scott,(D),Georgia,District 13 ,True,True,77.4,1209614,1131746,453846
Becky Hites,(R),Georgia,District 13 ,False,False,22.6,63509,62935,574
Martin Cowen,(L),Georgia,District 13 ,False,False,,13460,13464,80
Marjorie Taylor Greene,(R),Georgia,District 14 ,False,True,74.8,2596914,2237599,359316
Ed Case,(D),Hawaii,District 01 ,True,False,64.7,508249,472569,116701
Ron Curtis,(R),Hawaii,District 01 ,False,False,25.1,12538,12647,-109
Kai Kahele,(D),Hawaii,District 02 ,False,True,57.9,1235523,1039637,195886
Joe Akana,(R),Hawaii,District 02 ,False,False,28.3,54534,55344,-810
Jonathan Hoomanawanui,(3),Hawaii,District 02 ,False,False,2.2,1883,1522,585
Russ Fulcher,(R),Idaho,District 01 ,True,True,67.8,575485,508457,102831
Rudy Soto,(D),Idaho,District 01 ,False,False,28.7,302902,302902,0
Mike Simpson,(R),Idaho,District 02 ,True,True,64.1,1008847,1099604,176314
Aaron Swisher,(D),Idaho,District 02 ,False,False,31.7,70674,70268,7851
Bobby Rush,(D),Illinois,District 01 ,True,True,73.8,541435,496454,111621
Philanise White,(R),Illinois,District 01 ,False,False,26.2,6289,5048,928
Robin Kelly,(D),Illinois,District 02 ,True,True,78.8,1634783,1108137,1014413
Marie Newman,(D),Illinois,District 03 ,False,True,56.4,2802093,2699323,102841
Mike Fricilone,(R),Illinois,District 03 ,False,False,43.6,128458,127980,478
Jesus Garcia,(D),Illinois,District 04 ,True,True,16.0,822846,711159,126757
Jesus Solorio Jr,(R),Illinois,District 04 ,False,False,84.0,2065,843,1129
Mike Quigley,(D),Illinois,District 05 ,True,True,70.8,1171507,926655,1022348
Sean Casten,(D),Illinois,District 06 ,True,True,52.8,5582179,5313570,346138
Jeanne Ives,(R),Illinois,District 06 ,False,False,45.4,3157771,3135464,22307
Bill Redpath,(L),Illinois,District 06 ,False,False,1.7,9837,9837,0
Danny K Davis,(D),Illinois,District 07 ,True,True,80.4,544690,505506,243172
Tracy Jennings,(3),Illinois,District 07 ,False,False,6.2,65283,65283,0
Raja Krishnamoorthi,(D),Illinois,District 08 ,True,True,73.2,6358878,2207703,8427847
Jan Schakowsky,(D),Illinois,District 09 ,True,True,71.0,1834801,1514838,749054
Sargis Sangari,(R),Illinois,District 09 ,False,False,29.0,35364,34715,-3410
Brad Schneider,(D),Illinois,District 10 ,True,True,63.8,3459512,2873333,1873763
Valerie Ramirez Mukherjee,(R),Illinois,District 10 ,False,False,36.2,130225,64764,65461
Bill Foster,(D),Illinois,District 11 ,True,True,63.3,2381354,1823906,3736201
Rick Laib,(R),Illinois,District 11 ,False,False,36.7,20343,20064,279
Mike Bost,(R),Illinois,District 12 ,True,True,60.6,1918041,1509573,413789
Ray Lenzi,(D),Illinois,District 12 ,False,False,39.4,161324,104809,57903
Rodney Davis,(R),Illinois,District 13 ,True,True,54.4,4943459,4822600,140436
Betsy Dirksen Londrigan,(D),Illinois,District 13 ,False,False,45.6,5297007,5281880,15895
Lauren A Underwood,(D),Illinois,District 14 ,True,True,50.7,7803579,7301503,537898
Jim Oberweis,(R),Illinois,District 14 ,False,False,49.3,2438857,2348798,90059
Mary Miller,(R),Illinois,District 15 ,False,True,73.5,689057,570356,118701
Erika Weaver,(D),Illinois,District 15 ,False,False,26.5,58689,23349,-2772
Adam Kinzinger,(R),Illinois,District 16 ,True,True,64.8,2105736,1588550,1523650
Dani Brzozowski,(D),Illinois,District 16 ,False,False,35.2,459344,376167,-314
Cheri Bustos,(D),Illinois,District 17 ,True,True,52.0,4975192,6391009,918624
Esther Joy King,(R),Illinois,District 17 ,False,False,48.0,2032878,2030587,2292
Darin LaHood,(R),Illinois,District 18 ,True,True,70.5,3248113,1749128,3090571
Frank Mrvan Jr,(D),Indiana,District 01 ,False,True,56.6,578635,464407,114228
Mark Leyva,(R),Indiana,District 01 ,False,False,40.4,16551,15343,1208
Jackie Walorski,(R),Indiana,District 02 ,True,True,61.5,2383467,1698202,803297
Pat Hackett,(D),Indiana,District 02 ,False,False,38.5,881888,867301,15785
Jim Banks,(R),Indiana,District 03 ,True,True,67.8,1202509,769591,444427
Chip Coldiron,(D),Indiana,District 03 ,False,False,32.2,94056,89883,2119
Jim Baird,(R),Indiana,District 04 ,True,True,66.6,327727,190158,247371
Joe Mackey,(D),Indiana,District 04 ,False,False,33.4,44585,43213,1590
Christina Hale,(D),Indiana,District 05 ,False,False,45.9,4010368,3998905,11464
Victoria Spartz,(R),Indiana,District 05 ,False,True,50.0,3119328,3010203,109124
Greg Pence,(R),Indiana,District 06 ,True,True,68.7,3114448,2804148,510827
Jeannine Lee Lake,(D),Indiana,District 06 ,False,False,27.7,143089,145315,-2227
Andre Carson,(D),Indiana,District 07 ,True,True,62.4,1011635,873962,988170
Susan Marie Smith,(R),Indiana,District 07 ,False,False,37.6,62905,59843,1857
Larry Bucshon,(R),Indiana,District 08 ,True,True,66.9,1051336,1078646,206920
Thomasina Marsili,(D),Indiana,District 08 ,False,False,29.8,68734,68480,254
Trey Hollingsworth,(R),Indiana,District 09 ,True,True,60.9,1166754,501136,672944
Andy Ruff,(D),Indiana,District 09 ,False,False,34.8,148263,134906,13357
Tonya Millis,(L),Indiana,District 09 ,False,False,4.3,10224,10041,59
Abby Finkenauer,(D),Iowa,District 01 ,True,False,48.7,5901441,5875405,55019
Ashley Hinson,(R),Iowa,District 01 ,False,True,51.3,5175883,5059211,116672
Rita Hart,(D),Iowa,District 02 ,False,False,50.0,4232992,4114400,118592
Mariannette Miller-Meeks,(R),Iowa,District 02 ,False,True,50.0,2174194,1721926,452413
Cindy Axne,(D),Iowa,District 03 ,True,True,49.0,6236976,6236994,19521
David Young,(R),Iowa,District 03 ,False,False,47.6,3170072,3094582,88291
J.D. Scholten,(D),Iowa,District 04 ,False,False,62.1,2885915,2902003,53112
Randy Feenstra,(R),Iowa,District 04 ,False,True,37.9,1906234,1894288,11946
Tracey Mann,(R),Kansas,District 01 ,False,True,71.4,1403353,1127156,276197
Kali Barnett,(D),Kansas,District 01 ,False,False,28.6,603036,592924,10112
Michelle De La Isla,(D),Kansas,District 02 ,False,False,40.5,1825085,1810968,14118
Jake Laturner,(R),Kansas,District 02 ,False,True,55.3,1593407,1578460,14947
Sharice Davids,(D),Kansas,District 03 ,True,True,53.4,5638552,5168034,479150
Amanda Adkins,(R),Kansas,District 03 ,False,False,43.8,2182382,2139673,42710
Ron Estes,(R),Kansas,District 04 ,True,True,64.0,1993808,1420188,844164
Laura Lombard,(D),Kansas,District 04 ,False,False,36.0,264459,258684,5775
James Comer,(R),Kentucky,District 01 ,True,True,75.0,736116,502554,402463
Brett Guthrie,(R),Kentucky,District 02 ,True,True,71.0,1412797,1566622,1856674
Hank Linderman,(D),Kentucky,District 02 ,False,False,26.3,93388,71122,31482
Robert Lee Perry,(L),Kentucky,District 02 ,False,False,2.1,12798,7825,0
John Yarmuth,(D),Kentucky,District 03 ,True,True,62.7,658295,690226,169846
Rhonda Palazzo,(R),Kentucky,District 03 ,False,False,37.3,46144,45668,476
Thomas Massie,(R),Kentucky,District 04 ,True,True,67.1,1457316,1563275,119384
Alexandra Owensby,(D),Kentucky,District 04 ,False,False,32.9,156174,106359,49227
Hal Rogers,(R),Kentucky,District 05 ,True,True,84.2,664168,835781,836903
Andy Barr,(R),Kentucky,District 06 ,True,True,57.3,4536264,4316239,354703
Josh Hicks,(D),Kentucky,District 06 ,False,False,41.0,2936320,2935615,705
Steve Scalise,(R),Louisiana,District 01 ,True,True,72.2,37262827,32830607,6217720
Cedric Richmond,(D),Louisiana,District 02 ,True,True,63.6,1628289,1302079,795949
Clay Higgins,(R),Louisiana,District 03 ,True,True,67.8,751498,720424,71763
Robert Jon Anderson,(D),Louisiana,District 03 ,False,False,11.6,63617,48015,2695
Braylon Harris,(D),Louisiana,District 03 ,False,False,17.9,23006,15130,7876
Mike Johnson,(R),Louisiana,District 04 ,True,True,60.4,1299787,1039393,669686
Kenny Houston,(D),Louisiana,District 04 ,False,False,25.5,33677,33407,270
Luke Letlow,(R),Louisiana,District 05 ,False,False,,1392822,1303757,89065
Lance Harris,(R),Louisiana,District 05 ,False,False,,696805,687833,8972
Martin Lemelle,(D),Louisiana,District 05 ,False,False,,173796,162747,11048
Scotty Robinson,(R),Louisiana,District 05 ,False,False,,113903,113835,68
Candy Christophe,(D),Louisiana,District 05 ,False,False,,77101,131161,-51355
Phillip Snowden,(D),Louisiana,District 05 ,False,False,,29481,28077,1
Matthew Hasty,(R),Louisiana,District 05 ,False,False,,2654,2615,38
Garret Graves,(R),Louisiana,District 06 ,True,True,71.1,1743015,1200287,2026909
Dartanyon Williams,(D),Louisiana,District 06 ,False,False,25.6,111316,98114,8723
Chellie Pingree,(D),Maine,District 01 ,True,True,61.5,487080,264790,446658
Jay Allen,(R),Maine,District 01 ,False,False,38.5,79585,69853,9731
Jared Golden,(D),Maine,District 02 ,True,True,52.9,5272142,5233990,130861
Dale Crafts,(R),Maine,District 02 ,False,False,47.1,1199805,1196117,3689
Andy Harris,(R),Maryland,District 01 ,True,True,63.5,1468096,973953,1043179
Mia Mason,(D),Maryland,District 01 ,False,False,36.3,2524,0,0
Dutch Ruppersberger,(D),Maryland,District 02 ,True,True,67.2,1012835,927353,1204214
Johnny Ray Salling,(R),Maryland,District 02 ,False,False,32.6,68320,66895,1525
John Sarbanes,(D),Maryland,District 03 ,True,True,69.5,573599,687299,1036784
Charles Anthony,(R),Maryland,District 03 ,False,False,30.3,7798,6742,1006
Anthony Brown,(D),Maryland,District 04 ,True,True,79.3,1446636,846827,1117335
Steny H Hoyer,(D),Maryland,District 05 ,True,True,68.5,4587189,4342255,879067
Chris Palombi,(R),Maryland,District 05 ,False,False,31.2,43462,42095,1366
David Trone,(D),Maryland,District 06 ,True,True,57.9,2944893,2959748,93680
Neil Parrott,(R),Maryland,District 06 ,False,False,40.2,315936,261259,117161
Kweisi Mfume,(D),Maryland,District 07 ,True,True,71.6,1014126,713389,300737
Kimberly Klacik,(R),Maryland,District 07 ,False,False,28.1,8296845,7499454,803568
Amber Ivey,(I),Maryland,District 07 ,False,False,,41924,43394,0
Jamie Raskin,(D),Maryland,District 08 ,True,True,67.3,2072652,1399252,1338530
Gregory Coll,(R),Maryland,District 08 ,False,False,32.5,30876,27257,3618
Richard E Neal,(D),Massachusetts,District 01 ,True,True,96.5,4949384,5873122,2384564
James P McGovern,(D),Massachusetts,District 02 ,True,True,65.3,1052549,1089412,264946
Tracy Lovvorn,(R),Massachusetts,District 02 ,False,False,34.6,26311,22319,6398
Lori Trahan,(D),Massachusetts,District 03 ,True,True,97.7,1449303,1232437,285963
Jake Auchincloss,(D),Massachusetts,District 04 ,False,True,60.8,2608686,2150904,457782
Julie Hall,(R),Massachusetts,District 04 ,False,False,38.9,131603,129378,2225
Katherine Clark,(D),Massachusetts,District 05 ,True,True,74.3,1788706,1514877,1292775
Caroline Colarusso,(R),Massachusetts,District 05 ,False,False,25.6,148635,146972,1663
Seth Moulton,(D),Massachusetts,District 06 ,True,True,65.4,1289805,1802169,245668
John Paul Moran,(R),Massachusetts,District 06 ,False,False,34.4,300220,299104,1117
Ayanna Pressley,(D),Massachusetts,District 07 ,True,True,86.6,2163370,1748432,501037
Stephen Lynch,(D),Massachusetts,District 08 ,True,True,80.7,905614,1134662,1213384
Bill Keating,(D),Massachusetts,District 09 ,True,True,61.3,708680,652448,1504778
Helen Brady,(R),Massachusetts,District 09 ,False,False,36.3,28233,23735,4498
John Bergman,(R),Michigan,District 01 ,True,True,61.6,1868512,1733466,140400
Dana Ferguson,(D),Michigan,District 01 ,False,False,36.9,346213,339788,4287
Bill Huizenga,(R),Michigan,District 02 ,True,True,59.2,2175411,1883610,469697
Bryan Berghoef,(D),Michigan,District 02 ,False,False,38.2,751576,669864,19351
Jean-Michel Creviere,(3),Michigan,District 02 ,False,False,0.7,281,1207,-559
Hillary Scholten,(D),Michigan,District 03 ,False,False,47.0,3793132,3765942,27190
Peter Meijer,(R),Michigan,District 03 ,False,True,53.0,2975972,2887774,88199
John Moolenaar,(R),Michigan,District 04 ,True,True,65.0,1528612,1036160,611147
Jerry Hilliard,(D),Michigan,District 04 ,False,False,32.4,23117,23603,0
Dan Kildee,(D),Michigan,District 05 ,True,True,54.5,1669951,1504094,781722
Tim Kelly,(R),Michigan,District 05 ,False,False,41.7,71106,71106,0
Fred Upton,(R),Michigan,District 06 ,True,True,55.8,3616380,3464617,187875
Jon Hoadley,(D),Michigan,District 06 ,False,False,40.1,3116491,3098366,18125
Tim Walberg,(R),Michigan,District 07 ,True,True,58.8,2301635,1586358,769368
Gretchen Driskell,(D),Michigan,District 07 ,False,False,41.3,1712840,1712840,0
Elissa Slotkin,(D),Michigan,District 08 ,True,True,50.9,8967420,7419974,1566680
Paul Junge,(R),Michigan,District 08 ,False,False,47.3,2107608,2097131,10477
Andy Levin,(D),Michigan,District 09 ,True,True,57.8,1316607,907237,428478
Lisa McClain,(R),Michigan,District 10 ,False,True,66.3,2266287,2137031,123256
Kimberly Bizon,(D),Michigan,District 10 ,False,False,33.7,41438,41246,24582
Haley Stevens,(D),Michigan,District 11 ,True,True,50.2,5776924,5707448,84994
Eric Esshaki,(R),Michigan,District 11 ,False,False,47.8,1298612,1291509,7104
Debbie Dingell,(D),Michigan,District 12 ,True,True,66.4,1630498,1689582,437383
Jeff Jones,(R),Michigan,District 12 ,False,False,30.7,10616,9657,1513
Rashida Tlaib,(D),Michigan,District 13 ,True,True,77.9,4014411,3690334,391732
Donald Eason,(I),Michigan,District 13 ,False,False,,34156,34156,0
Brenda Lawrence,(D),Michigan,District 14 ,True,True,78.9,1084662,789570,891186
Vance Patrick,(R),Michigan,District 14 ,False,False,18.7,39670,41973,8890
Jim Hagedorn,(R),Minnesota,District 01 ,True,True,48.6,2386033,2305994,81131
Daniel Feehan,(D),Minnesota,District 01 ,False,False,45.5,4861651,4863835,1337
Angie Craig,(D),Minnesota,District 02 ,True,True,48.2,5380101,4435492,1032000
Tyler Kistner,(R),Minnesota,District 02 ,False,False,45.9,2990054,2956042,34012
Dean Phillips,(D),Minnesota,District 03 ,True,True,55.6,2328616,2152031,218067
Kendall Qualls,(R),Minnesota,District 03 ,False,False,44.3,1863927,1751214,112712
Gary Heyer,(I),Minnesota,District 03 ,False,False,,827,827,0
Betty McCollum,(D),Minnesota,District 04 ,True,True,63.2,1171748,994072,283976
Gene Rechtzigel,(R),Minnesota,District 04 ,False,False,29.0,20075,20075,100
Ilhan Omar,(D),Minnesota,District 05 ,True,True,64.3,5718517,5605576,167770
Lacy Johnson,(R),Minnesota,District 05 ,False,False,25.8,12050564,12000896,49668
Chris Kelley,(3),Minnesota,District 05 ,False,False,,249583,249583,0
Ervan Katari Miller,(I),Minnesota,District 05 ,False,False,,255,187,68
Tom Emmer,(R),Minnesota,District 06 ,True,True,65.5,2804265,2537612,448839
Tawnja Zahradka,(D),Minnesota,District 06 ,False,False,34.3,49242,49214,28
Collin Peterson,(D),Minnesota,District 07 ,True,False,39.9,2714012,2867577,344745
Michelle Fischbach,(R),Minnesota,District 07 ,False,True,53.4,2618450,2580501,37949
Pete Stauber,(R),Minnesota,District 08 ,True,True,56.7,2593190,2608759,2767
Quinn Nystrom,(D),Minnesota,District 08 ,False,False,37.6,1530606,1527005,3600
Trent Kelly,(R),Mississippi,District 01 ,True,True,68.7,876882,826673,228295
Antonia Eliason,(D),Mississippi,District 01 ,False,False,31.3,22281,18174,4107
Bennie G Thompson,(D),Mississippi,District 02 ,True,True,66.0,1377392,1096904,1523548
Michael Guest,(R),Mississippi,District 03 ,True,True,64.7,766807,518162,281968
Steven Palazzo,(R),Mississippi,District 04 ,True,True,100.0,817129,747217,302029
Cori Bush,(D),Missouri,District 01 ,False,True,78.8,1418014,1333512,84503
Ann Wagner,(R),Missouri,District 02 ,True,True,52.0,5598287,6513101,113443
Jill Schupp,(D),Missouri,District 02 ,False,False,45.4,4850948,4830434,20513
Blaine Luetkemeyer,(R),Missouri,District 03 ,True,True,69.4,2022905,2081391,2205404
Vicky Hartzler,(R),Missouri,District 04 ,True,True,67.6,1700978,1335607,645432
Lindsey Simmons,(D),Missouri,District 04 ,False,False,29.7,395934,384622,11282
Emanuel Cleaver,(D),Missouri,District 05 ,True,True,58.5,1393847,928061,1134774
Ryan Derks,(R),Missouri,District 05 ,False,False,38.7,76488,76488,0
Sam Graves,(R),Missouri,District 06 ,True,True,67.1,1959516,1654756,856973
Gena Ross,(D),Missouri,District 06 ,False,False,30.8,10170,10530,1836
Billy Long,(R),Missouri,District 07 ,True,True,68.7,1320420,1518234,475111
Audrey Richards,(I),Missouri,District 07 ,False,False,,7985,8113,-624
Jason Smith,(R),Missouri,District 08 ,True,True,76.9,1900227,1514786,1531680
Kathryn Ellis,(D),Missouri,District 08 ,False,False,21.4,302428,305387,0
Kathleen Williams,(D),Montana,District 01 ,False,False,43.6,6201758,6232286,6430
Matt Rosendale,(R),Montana,District 01 ,False,True,56.4,3674706,3488045,262839
Jeff Fortenberry,(R),Nebraska,District 01 ,True,True,59.5,1472816,2458330,718435
Kate Bolz,(D),Nebraska,District 01 ,False,False,37.7,1143509,1140371,3139
Don Bacon,(R),Nebraska,District 02 ,True,True,50.6,3749272,3713961,85039
Kara Eastman,(D),Nebraska,District 02 ,False,False,46.3,4414390,4468006,29232
Adrian Smith,(R),Nebraska,District 03 ,True,True,78.5,1506473,1148409,1145643
Mark Elworth Jr,(D),Nebraska,District 03 ,False,False,17.7,255,0,255
Dina Titus,(D),Nevada,District 01 ,True,True,61.8,706193,587919,328890
Mark Amodei,(R),Nevada,District 02 ,True,True,56.5,1048056,1016673,324316
Patricia Ackerman,(D),Nevada,District 02 ,False,False,40.7,449363,449449,44
Susie Lee,(D),Nevada,District 03 ,True,True,48.8,4748019,4732009,28704
Dan Rodimer,(R),Nevada,District 03 ,False,False,45.8,2936059,2915216,20842
Steven Horsford,(D),Nevada,District 04 ,True,True,50.7,3492372,3024427,495917
Jim Marchant,(R),Nevada,District 04 ,False,False,45.8,1462772,1419405,43367
Jonathan Royce Esteban,(L),Nevada,District 04 ,False,False,2.4,2788,1603,2227
Chris Pappas,(D),New,Hampshire District 01 ,True,True,51.3,3205731,3105663,213912
Matt Mowers,(R),New,Hampshire District 01 ,False,False,46.2,1707214,1698761,8454
Ann Kuster,(D),New,Hampshire District 02 ,True,True,53.9,2960033,2970274,1073085
Steve Negron,(R),New,Hampshire District 02 ,False,False,43.7,368177,378959,-3787
Don Norcross,(D),New,Jersey District 01 ,True,True,62.5,2221989,1087264,1924664
Claire Gustafson,(R),New,Jersey District 01 ,False,False,37.5,36520,21761,14759
Jeff Van Drew,(R),New,Jersey District 02 ,True,True,51.9,4229171,4041493,191878
Amy Kennedy,(D),New,Jersey District 02 ,False,False,46.2,4984376,4978913,5463
Andy Kim,(D),New,Jersey District 03 ,True,True,53.2,7241283,6753262,551835
David Richter,(R),New,Jersey District 03 ,False,False,45.5,1473669,1470648,3021
Chris Smith,(R),New,Jersey District 04 ,True,True,59.9,1383085,1284522,141574
Stephanie Schmid,(D),New,Jersey District 04 ,False,False,38.3,699580,658011,19121
Josh Gottheimer,(D),New,Jersey District 05 ,True,True,53.2,7694027,3487964,8349098
Frank Pallotta,(R),New,Jersey District 05 ,False,False,45.6,1972033,1948705,23328
Louis A. Vellucci,(I),New,Jersey District 05 ,False,False,1.2,5456,5342,114
Frank Pallone Jr.,(D),New,Jersey District 06 ,True,True,61.2,3231755,2021737,3337596
Tom Malinowski,(D),New,Jersey District 07 ,True,True,50.6,7414403,7423758,51095
Tom Kean,(R),New,Jersey District 07 ,False,False,49.4,3869121,3775442,93679
Albio Sires,(D),New,Jersey District 08 ,True,True,74.0,605810,551325,208334
Bill Pascrell Jr.,(D),New,Jersey District 09 ,True,True,65.8,1560550,1795410,1404384
Billy Prempeh,(R),New,Jersey District 09 ,False,False,31.9,44269,35075,12957
Donald M Payne Jr.,(D),New,Jersey District 10 ,True,True,83.3,593735,457252,181272
Mikie Sherrill,(D),New,Jersey District 11 ,True,True,53.3,6419707,3733106,3131721
Rosemary Becchi,(R),New,Jersey District 11 ,False,False,46.7,1687532,1686236,1295
Bonnie Watson Coleman,(D),New,Jersey District 12 ,True,True,65.6,798439,840651,107160
Mark Razzoli,(R),New,Jersey District 12 ,False,False,32.6,3065,1142,1923
Debra Haaland,(D),New,Mexico District 01 ,True,True,58.1,2246734,1875766,390843
Michelle Garcia Holmes,(R),New,Mexico District 01 ,False,False,41.9,257294,245590,11705
Xochitl Torres Small,(D),New,Mexico District 02 ,True,False,46.3,8387337,8539065,16718
Yvette Herrell,(R),New,Mexico District 02 ,False,True,53.7,2805711,2921785,54544
Steve Jones,(I),New,Mexico District 02 ,False,False,,9405,9505,-100
Teresa Leger Fernandez,(D),New,Mexico District 03 ,False,True,58.7,2296594,2132010,164583
Alexis Johnson,(R),New,Mexico District 03 ,False,False,41.3,147303,147303,0
Lee Zeldin,(R),New,York District 01 ,True,True,55.9,8396981,8250116,171436
Nancy Goroff,(D),New,York District 01 ,False,False,44.1,7866239,7860977,5262
Jackie Gordon,(D),New,York District 02 ,False,False,46.0,4351881,4334484,17396
Andrew Garbarino,(R),New,York District 02 ,False,True,52.9,1743986,1612132,131854
Harry Burger,(3),New,York District 02 ,False,False,1.0,2430,594,1836
Tom Suozzi,(D),New,York District 03 ,True,True,53.2,2941006,2331302,1930681
George Santos,(R),New,York District 03 ,False,False,46.2,658883,591239,67723
Joshua Sauberman,(I),New,York District 03 ,False,False,,127,270,-2258
Kathleen Rice,(D),New,York District 04 ,True,True,52.0,1106258,1210410,189845
Douglas Tuman,(R),New,York District 04 ,False,False,47.3,134937,130995,3942
Ed Dennehy,(I),New,York District 04 ,False,False,,9031,9031,0
Gregory Meeks,(D),New,York District 05 ,True,True,99.0,2097572,1467454,781472
Amit Lal,(I),New,York District 05 ,False,False,,126,0,126
Grace Meng,(D),New,York District 06 ,True,True,62.6,1292084,1872311,395520
Thomas Zmich,(R),New,York District 06 ,False,False,37.4,133403,131278,2125
Nydia Velazquez,(D),New,York District 07 ,True,True,83.0,803217,676248,310382
Hakeem Jeffries,(D),New,York District 08 ,True,True,82.5,4168717,3293077,2145322
Yvette Clarke,(D),New,York District 09 ,True,True,81.5,1200067,1190143,71621
Jerrold Nadler,(D),New,York District 10 ,True,True,68.5,1848688,1950774,508339
Cathy Bernstein,(R),New,York District 10 ,False,False,30.1,49975,28384,21591
Jeanne Nigro,(I),New,York District 10 ,False,False,,34548,28039,3261
Michael Madrid,(L),New,York District 10 ,False,False,1.2,14326,12149,2178
Max Rose,(D),New,York District 11 ,True,False,42.0,9284434,9499242,23184
Nicole Malliotakis,(R),New,York District 11 ,False,True,57.8,3469995,3447052,22943
Kemi Akindude,(I),New,York District 11 ,False,False,,21261,14697,624
Carolyn Maloney,(D),New,York District 12 ,True,True,78.9,3067173,3059202,116416
Adriano Espaillat,(D),New,York District 13 ,True,True,86.0,1087237,1252740,102521
Lovelynn Gwinn,(R),New,York District 13 ,False,False,8.0,39384,39384,0
Alexandria Ocasio-Cortez,(D),New,York District 14 ,True,True,68.7,20664795,16735422,4297383
John C. Cummings,(R),New,York District 14 ,False,False,30.5,11140937,10947758,193228
Ritchie Torres,(D),New,York District 15 ,False,True,88.2,2194025,1804336,389690
Jamaal Bowman,(D),New,York District 16 ,False,True,82.9,2878898,2801424,77474
Mondaire Jones,(D),New,York District 17 ,False,True,54.1,2984052,2186463,797588
Maureen McArdle Schulman,(R),New,York District 17 ,False,False,39.8,54732,60084,-5327
Michael Parietti,(3),New,York District 17 ,False,False,0.9,44787,19670,25116
Sean Patrick Maloney,(D),New,York District 18 ,True,True,51.8,2556294,1718525,860002
Chele Farley,(R),New,York District 18 ,False,False,47.3,1186211,1152124,34086
Scott Smith,(I),New,York District 18 ,False,False,0.9,8718,8403,495
Antonio Delgado,(D),New,York District 19 ,True,True,51.5,5949475,2963286,3064789
Kyle Van De Water,(R),New,York District 19 ,False,False,45.9,153796,120097,33700
Paul Tonko,(D),New,York District 20 ,True,True,56.5,1541984,1418994,811660
Elizabeth Joy,(R),New,York District 20 ,False,False,43.4,370852,336845,34007
Elise Stefanik,(R),New,York District 21 ,True,True,64.4,13287248,11655936,1983541
Tedra Cobb,(D),New,York District 21 ,False,False,35.6,5586793,5593266,32848
Anthony Brindisi,(D),New,York District 22 ,True,False,,6020190,5772429,252624
Claudia Tenney,(R),New,York District 22 ,False,False,,3051777,2725893,402867
Tom Reed,(R),New,York District 23 ,True,True,57.7,3275177,3145027,182389
Tracy Mitrano,(D),New,York District 23 ,False,False,41.4,1450322,1466128,3284
John Katko,(R),New,York District 24 ,True,True,53.1,3821107,3597234,272061
Dana Balter,(D),New,York District 24 ,False,False,43.0,3212469,3230808,5647
Joseph D Morelle,(D),New,York District 25 ,True,True,59.3,1375366,1274426,160175
George Mitris,(R),New,York District 25 ,False,False,39.1,301376,279047,22329
Kevin Wilson,(L),New,York District 25 ,False,False,1.5,5128,3417,1711
Brian Higgins,(D),New,York District 26 ,True,True,69.8,1124168,984106,1111052
Chris Jacobs,(R),New,York District 27 ,True,True,59.7,2147101,2084271,62829
Nate McMurray,(D),New,York District 27 ,False,False,39.0,1150058,1097111,63761
Duane Whitmer,(L),New,York District 27 ,False,False,1.3,36056,36056,0
G K Butterfield,(D),North,Carolina District 01 ,True,True,54.2,1032869,880420,663957
Sandy Smith,(R),North,Carolina District 01 ,False,False,45.8,1458375,1437805,20570
Deborah Ross,(D),North,Carolina District 02 ,False,True,63.0,2268381,1816923,451458
Alan Swain,(R),North,Carolina District 02 ,False,False,34.8,119664,119435,229
Japheth Matemu,(L),North,Carolina District 02 ,False,False,2.2,625,54,0
Greg Murphy,(R),North,Carolina District 03 ,True,True,63.4,1767790,1505559,262231
David Price,(D),North,Carolina District 04 ,True,True,67.3,1161738,1014872,313316
Virginia Foxx,(R),North,Carolina District 05 ,True,True,66.9,1858388,1944629,2340884
David Wilson Brown,(D),North,Carolina District 05 ,False,False,31.1,61596,60668,-228
Kathy Manning,(D),North,Carolina District 06 ,False,True,62.3,2002284,1695596,312340
Lee Haywood,(R),North,Carolina District 06 ,False,False,37.7,73878,58342,15537
Jennyfer Bucardo,(I),North,Carolina District 06 ,False,False,,750,759,10
David Rouzer,(R),North,Carolina District 07 ,True,True,60.3,1628458,1038883,1428500
Christopher Ward,(D),North,Carolina District 07 ,False,False,39.6,16260,4119,7249
Richard Hudson,(R),North,Carolina District 08 ,True,True,53.3,4135872,4359009,230918
Patricia Timmons-Goodson,(D),North,Carolina District 08 ,False,False,46.7,3855743,3852668,3075
Dan Bishop,(R),North,Carolina District 09 ,True,True,55.6,4090260,4029864,60396
Cynthia Wallace,(D),North,Carolina District 09 ,False,False,44.4,811609,794300,17310
Patrick McHenry,(R),North,Carolina District 10 ,True,True,68.9,2780234,2339363,1706970
David Parker,(D),North,Carolina District 10 ,False,False,31.1,30555,30555,0
Madison Cawthorn,(R),North,Carolina District 11 ,False,True,54.5,4478970,4366783,112186
Moe Davis,(D),North,Carolina District 11 ,False,False,42.3,2251413,2148121,103292
Alma Adams,(D),North,Carolina District 12 ,True,True,100.0,824124,651883,346673
Bill Brewster,(R),North,Carolina District 12 ,False,False,,21950,16763,5187
Ted Budd,(R),North,Carolina District 13 ,True,True,68.2,2294174,1293414,1070999
Scott Huffman,(D),North,Carolina District 13 ,False,False,31.8,193334,189967,4634
Kelly Armstrong,(R),North,Dakota District 01 ,True,True,69.0,1269346,1080105,305708
Zach Raknerud,(D),North,Dakota District 01 ,False,False,27.6,28047,26029,2285
Steve Chabot,(R),Ohio,District 01 ,True,True,51.8,3177647,2861464,34508
Kate Schroder,(D),Ohio,District 01 ,False,False,44.7,4040303,4039798,505
Kevin Kahn,(L),Ohio,District 01 ,False,False,3.6,12085,8398,3687
Brad Wenstrup,(R),Ohio,District 02 ,True,True,61.1,1794354,1757078,461246
Jaime Castle,(D),Ohio,District 02 ,False,False,38.9,284197,271471,12726
Joyce Beatty,(D),Ohio,District 03 ,True,True,70.8,2237887,2540687,961442
Nicholas Moss,(I),Ohio,District 03 ,False,False,0.0,1258,1248,0
Jim Jordan,(R),Ohio,District 04 ,True,True,67.9,18313823,12945651,6113812
Chris Gibbs,(I),Ohio,District 04 ,False,False,,65807,65807,0
Bob Latta,(R),Ohio,District 05 ,True,True,68.0,1580952,1477090,719464
Nick Rubando,(D),Ohio,District 05 ,False,False,32.0,249319,247423,1996
Bill Johnson,(R),Ohio,District 06 ,True,True,74.4,1866123,1853361,858830
Shawna Roberts,(D),Ohio,District 06 ,False,False,25.6,262,574,2128
Bob Gibbs,(R),Ohio,District 07 ,True,True,67.5,791888,453928,491574
Quentin Potter,(D),Ohio,District 07 ,False,False,29.2,12976,12976,0
Brandon Lape,(L),Ohio,District 07 ,False,False,3.3,3348,2713,635
Warren Davidson,(R),Ohio,District 08 ,True,True,69.0,1016740,841533,404715
Vanessa Enoch,(D),Ohio,District 08 ,False,False,31.0,40270,37546,12877
Marcy Kaptur,(D),Ohio,District 09 ,True,True,63.1,1090395,979798,772396
Rob Weber,(R),Ohio,District 09 ,False,False,36.9,134898,123262,11636
Michael R Turner,(R),Ohio,District 10 ,True,True,58.4,1752255,1736283,77206
Desiree Tims,(D),Ohio,District 10 ,False,False,41.6,2040760,2024010,16750
Marcia Fudge,(D),Ohio,District 11 ,True,True,80.1,755787,499820,1179553
Laverne Gore,(R),Ohio,District 11 ,False,False,20.0,157044,156827,218
Troy Balderson,(R),Ohio,District 12 ,True,True,55.2,2016826,1995665,43050
Alaina Shearer,(D),Ohio,District 12 ,False,False,41.8,1033711,1025410,8301
John Stewart,(L),Ohio,District 12 ,False,False,3.0,75170,66382,-9960
Tim Ryan,(D),Ohio,District 13 ,True,True,52.5,1972446,2071454,19187
Christina Hagan,(R),Ohio,District 13 ,False,False,44.9,861723,820660,41393
David P Joyce,(R),Ohio,District 14 ,True,True,60.1,2917696,2501449,666492
Hillary O'Connor Mueri,(D),Ohio,District 14 ,False,False,39.9,579877,574646,5231
Steve Stivers,(R),Ohio,District 15 ,True,True,63.4,3004799,2293101,1121863
Joel Newby,(D),Ohio,District 15 ,False,False,36.6,55797,55797,0
Anthony Gonzalez,(R),Ohio,District 16 ,True,True,63.2,2338195,1839807,564935
Aaron Godfrey,(D),Ohio,District 16 ,False,False,36.8,60294,60430,476
Kevin Hern,(R),Oklahoma,District 01 ,True,True,63.7,1094104,830366,345198
Kojo Asamoa-Caesar,(D),Oklahoma,District 01 ,False,False,32.7,157355,173928,-5637
Markwayne Mullin,(R),Oklahoma,District 02 ,True,True,75.0,1660206,1077939,610310
Danyell Lanier,(D),Oklahoma,District 02 ,False,False,22.0,41730,41722,7
Frank D Lucas,(R),Oklahoma,District 03 ,True,True,78.5,872749,1036145,282179
Tom Cole,(R),Oklahoma,District 04 ,True,True,67.8,1812530,1753697,1277189
Mary Brannon,(D),Oklahoma,District 04 ,False,False,28.8,-2084,1599,1734
Kendra Horn,(D),Oklahoma,District 05 ,True,False,47.9,5949800,5946195,103097
Stephanie Bice,(R),Oklahoma,District 05 ,False,True,52.1,3720520,3508929,211591
Suzanne Bonamici,(D),Oregon,District 01 ,True,True,64.6,959223,864627,553346
Chris Christensen,(R),Oregon,District 01 ,False,False,35.2,144,672,0
Cliff Bentz,(R),Oregon,District 02 ,False,True,60.0,1450780,1361727,89054
Alex Spenser,(D),Oregon,District 02 ,False,False,36.9,20640,5089,15552
Earl Blumenauer,(D),Oregon,District 03 ,True,True,73.0,1813365,1948453,757345
Joanna Harbour,(R),Oregon,District 03 ,False,False,23.5,17681,14502,3179
Peter DeFazio,(D),Oregon,District 04 ,True,True,51.6,5182843,5781074,517595
Alek Skarlatos,(R),Oregon,District 04 ,False,False,46.2,5454621,5331264,123357
Kurt Schrader,(D),Oregon,District 05 ,True,True,51.9,2018692,1922073,2516499
Amy Ryan Courser,(R),Oregon,District 05 ,False,False,45.2,231624,221041,10471
Brian Fitzpatrick,(R),Pennsylvania,District 01 ,True,True,58.7,4203825,4272135,48325
Christina Finello,(D),Pennsylvania,District 01 ,False,False,41.3,2336814,2329748,7066
Brendan Boyle,(D),Pennsylvania,District 02 ,True,True,65.1,1556650,756317,1468741
Dwight Evans,(D),Pennsylvania,District 03 ,True,True,87.5,942386,781265,182602
Madeleine Dean,(D),Pennsylvania,District 04 ,True,True,56.0,1435995,1005928,574594
Kathy Barnette,(R),Pennsylvania,District 04 ,False,False,44.0,1000389,884640,115749
Joe Tarshish,(I),Pennsylvania,District 04 ,False,False,,24038,23738,300
Mary Gay Scanlon,(D),Pennsylvania,District 05 ,True,True,60.3,1455042,1350276,218679
Dasha Pruett,(R),Pennsylvania,District 05 ,False,False,39.7,105146,82437,22709
Chrissy Houlahan,(D),Pennsylvania,District 06 ,True,True,54.7,3484484,1327283,3109257
John Emmons,(R),Pennsylvania,District 06 ,False,False,45.3,608859,601390,7469
John McHugh,(I),Pennsylvania,District 06 ,False,False,,6165,4410,3242
Susan Wild,(D),Pennsylvania,District 07 ,True,True,51.7,4581056,4528267,78696
Matt Cartwright,(D),Pennsylvania,District 08 ,True,True,51.7,3885136,4144070,170866
Jim Bognet,(R),Pennsylvania,District 08 ,False,False,48.3,1519527,1386040,133487
Dan Meuser,(R),Pennsylvania,District 09 ,True,True,68.2,1071961,944010,140610
Gary Wegman,(D),Pennsylvania,District 09 ,False,False,31.8,188787,187348,1600
Scott Perry,(R),Pennsylvania,District 10 ,True,False,53.4,3956481,3839197,171329
Eugene DePasquale,(D),Pennsylvania,District 10 ,False,False,46.6,4534580,4526684,7896
Lloyd Smucker,(R),Pennsylvania,District 11 ,True,True,69.2,1349318,662704,696775
Sarah Hammond,(D),Pennsylvania,District 11 ,False,False,30.8,28733,23458,5287
Fred Keller,(R),Pennsylvania,District 12 ,True,True,71.8,1541938,1066158,475779
Lee Griffin,(D),Pennsylvania,District 12 ,False,False,28.2,45850,44571,1279
Liz Terwilliger,(L),Pennsylvania,District 12 ,False,False,,6211,5937,3121
John Joyce,(R),Pennsylvania,District 13 ,True,True,79.0,1119769,461229,718883
Todd Rowley,(D),Pennsylvania,District 13 ,False,False,21.0,60348,67527,253
Guy Reschenthaler,(R),Pennsylvania,District 14 ,True,True,67.8,2250282,1580488,687580
Bill Marx,(D),Pennsylvania,District 14 ,False,False,32.2,60403,45959,14444
Glenn Thompson,(R),Pennsylvania,District 15 ,True,True,76.3,1700061,1839073,93177
Mike Kelly,(R),Pennsylvania,District 16 ,True,True,67.2,2239488,1319340,958525
Kristy Gnibus,(D),Pennsylvania,District 16 ,False,False,32.8,584205,579453,4751
Conor Lamb,(D),Pennsylvania,District 17 ,True,True,51.1,4063114,3448850,852818
Sean Parnell,(R),Pennsylvania,District 17 ,False,False,48.9,3935774,3732399,203375
Mike Doyle,(D),Pennsylvania,District 18 ,True,True,64.6,1008711,999692,265897
Luke Negron,(R),Pennsylvania,District 18 ,False,False,35.4,57714,51666,6048
David Cicilline,(D),Rhode,Island District 01 ,True,True,70.8,1574854,1743173,529048
Jim Langevin,(D),Rhode,Island District 02 ,True,True,58.2,1102312,1422339,711473
Bob Lancia,(R),Rhode,Island District 02 ,False,False,41.5,55549,47877,7673
Joe Cunningham,(D),South,Carolina District 01 ,True,False,49.3,6941746,6993962,6372
Nancy Mace,(R),South,Carolina District 01 ,False,True,50.6,5766726,5707239,59487
Joe Wilson,(R),South,Carolina District 02 ,True,True,55.7,1648065,1723956,74366
Adair Boroughs,(D),South,Carolina District 02 ,False,False,42.6,2510526,2507664,2862
Jeff Duncan,(R),South,Carolina District 03 ,True,True,71.2,1509647,1271872,482411
Hosea Cleveland,(D),South,Carolina District 03 ,False,False,28.7,43214,45107,0
William Timmons,(R),South,Carolina District 04 ,True,True,61.6,977784,982233,8690
Kim Nelson,(D),South,Carolina District 04 ,False,False,36.9,167825,167508,317
Ralph Norman,(R),South,Carolina District 05 ,True,True,60.1,991246,859747,727939
Moe Brown,(D),South,Carolina District 05 ,False,False,39.9,480648,477295,3353
James E Clyburn,(D),South,Carolina District 06 ,True,True,68.2,3406945,2332128,1980495
Tom Rice,(R),South,Carolina District 07 ,True,True,61.8,1405738,1242208,1121354
Melissa Watson,(D),South,Carolina District 07 ,False,False,38.1,147623,147623,0
Larry Guy Hammond,(L),South,Carolina District 07 ,False,False,,199,199,0
Dusty Johnson,(R),South,Dakota District 01 ,True,True,81.8,1693504,699356,1050141
Diana Harshbarger,(R),Tennessee,District 01 ,False,True,74.8,2126946,1869100,257846
Blair Nicole Walsingham,(D),Tennessee,District 01 ,False,False,22.4,140209,134995,5215
Tim Burchett,(R),Tennessee,District 02 ,True,True,67.7,1336276,878488,593678
Renee Hoyos,(D),Tennessee,District 02 ,False,False,31.0,812784,816793,210
Chuck Fleischmann,(R),Tennessee,District 03 ,True,True,67.3,1051653,381411,1880341
Meg Gorman,(D),Tennessee,District 03 ,False,False,30.5,85843,77760,8083
Scott Desjarlais,(R),Tennessee,District 04 ,True,True,66.7,331464,392499,302649
Christopher Hale,(D),Tennessee,District 04 ,False,False,33.3,308731,302996,5735
Jim Cooper,(D),Tennessee,District 05 ,True,True,100.0,936569,1332131,272934
John Rose,(R),Tennessee,District 06 ,True,True,73.7,1050429,625688,454375
Mark Green,(R),Tennessee,District 07 ,True,True,69.9,1194960,935487,287889
Kiran Sreepada,(D),Tennessee,District 07 ,False,False,27.3,206644,207191,0
Ronald Brown,(I),Tennessee,District 07 ,False,False,2.2,1750,0,9006
Scott Vieira Jr,(I),Tennessee,District 07 ,False,False,0.6,655,1049,-197
David Kustoff,(R),Tennessee,District 08 ,True,True,68.5,1641217,999285,713832
Erika Stotts Pearson,(D),Tennessee,District 08 ,False,False,29.5,19070,15883,4137
Steve Cohen,(D),Tennessee,District 09 ,True,True,77.4,607570,457311,1216119
Charlotte Bergmann,(R),Tennessee,District 09 ,False,False,20.1,99147,100532,2566
Dennis Clark,(I),Tennessee,District 09 ,False,False,1.6,9991,9919,40
Louie Gohmert,(R),Texas,District 01 ,True,True,72.6,552915,580441,33662
Hank Gilbert,(D),Texas,District 01 ,False,False,27.4,968155,734411,233744
Dan Crenshaw,(R),Texas,District 02 ,True,True,55.6,19427865,17596329,1852715
Sima Ladjevardian,(D),Texas,District 02 ,False,False,42.8,3832697,3825287,7410
Elliott Scheirman,(L),Texas,District 02 ,False,False,1.6,15374,14296,-942
Van Taylor,(R),Texas,District 03 ,True,True,55.1,2655327,2825378,22498
Helane Seikaly,(D),Texas,District 03 ,False,False,42.9,1635185,1634843,342
Patrick Fallon,(R),Texas,District 04 ,False,True,75.1,257174,95065,162109
Tracy Shawn Jones,(I),Texas,District 04 ,False,False,0.4,13002,10595,2407
Lance Gooden,(R),Texas,District 05 ,True,True,62.0,1610327,1311983,452535
Carolyn Salter,(D),Texas,District 05 ,False,False,35.9,317848,289112,28736
Kevin Hale,(L),Texas,District 05 ,False,False,2.1,18405,6508,11678
Ron Wright,(R),Texas,District 06 ,True,True,52.8,912134,907693,6834
Stephen Daniel,(D),Texas,District 06 ,False,False,44.0,680402,677568,2834
Lizzie Fletcher,(D),Texas,District 07 ,True,True,50.8,6265165,6246136,61097
Wesley Hunt,(R),Texas,District 07 ,False,False,47.5,7524064,7300122,223942
Kevin Brady,(R),Texas,District 08 ,True,True,72.5,3570477,3190447,1102667
Elizabeth Hernandez,(D),Texas,District 08 ,False,False,25.5,17227,14981,1985
Al Green,(D),Texas,District 09 ,True,True,75.5,460332,486155,239806
Johnny Teague,(R),Texas,District 09 ,False,False,21.6,89965,88366,150
Michael McCaul,(R),Texas,District 10 ,True,True,52.5,3856477,3910930,7734
Mike Siegel,(D),Texas,District 10 ,False,False,45.4,2873926,2829765,47652
August Pfluger,(R),Texas,District 11 ,False,True,79.7,2578540,1984134,594406
Jon Mark Hogg,(D),Texas,District 11 ,False,False,18.3,137730,135141,2589
Kay Granger,(R),Texas,District 12 ,True,True,63.7,3161288,3271815,310674
Lisa Welch,(D),Texas,District 12 ,False,False,33.0,98465,98475,-10
Trey Holcomb,(L),Texas,District 12 ,False,False,3.3,967,457,510
Ronny Jackson,(R),Texas,District 13 ,False,True,79.4,2128271,1741132,387139
Gus Trujillo,(D),Texas,District 13 ,False,False,18.5,22826,18820,4006
Randy Weber,(R),Texas,District 14 ,True,True,61.6,936202,924659,471407
Adrienne Bell,(D),Texas,District 14 ,False,False,38.4,244754,240934,8921
Cyrus Sajna,(I),Texas,District 14 ,False,False,,35096,34942,609
Michael David Sanchez,(I),Texas,District 14 ,False,False,,100,12,88
Vicente Gonzalez,(D),Texas,District 15 ,True,True,50.5,1008381,657500,1371492
Monica De La Cruz,(R),Texas,District 15 ,False,False,47.6,344893,338832,7506
Veronica Escobar,(D),Texas,District 16 ,True,True,64.7,1135549,1087693,284855
Irene Armendariz-Jackson,(R),Texas,District 16 ,False,False,35.3,168997,153671,16242
Pete Sessions,(R),Texas,District 17 ,False,True,55.9,1447958,1658637,165990
Rick Kennedy,(D),Texas,District 17 ,False,False,40.9,200668,202096,0
Ted Brown,(L),Texas,District 17 ,False,False,3.2,3041,3041,0
Sheila Jackson Lee,(D),Texas,District 18 ,True,True,73.3,924480,838414,167820
Wendell Champion,(R),Texas,District 18 ,False,False,23.5,305645,271278,34367
Jodey Arrington,(R),Texas,District 19 ,True,True,74.8,2497184,1932700,1099354
Tom Watson,(D),Texas,District 19 ,False,False,22.9,49405,60806,-20984
Joaquin Castro,(D),Texas,District 20 ,True,True,64.7,674061,686934,115747
Mauro Garza,(R),Texas,District 20 ,False,False,33.1,263293,240930,45852
Chip Roy,(R),Texas,District 21 ,True,True,52.0,5005639,4679362,463583
Wendy Davis,(D),Texas,District 21 ,False,False,45.4,10263486,10201874,61611
Michael Felts,(I),Texas,District 21 ,False,False,,3570,1851,3354
Sri Kulkarni,(D),Texas,District 22 ,False,False,44.6,5639061,5630098,36731
Troy Nehls,(R),Texas,District 22 ,False,True,51.5,1806655,1787448,24807
Gina Ortiz Jones,(D),Texas,District 23 ,False,False,46.6,6755222,6842440,4301
Tony Gonzales,(R),Texas,District 23 ,False,True,50.5,2797133,2764108,33026
Candace Valenzuela,(D),Texas,District 24 ,False,False,47.5,4886999,4875031,11967
Beth Van Duyne,(R),Texas,District 24 ,False,True,48.8,3410852,3342442,68410
Stephen Kuzmich,(I),Texas,District 24 ,False,False,1.2,175504,201332,2073
Mark Bauer,(I),Texas,District 24 ,False,False,0.9,26342,26542,-200
Darren Hamilton,(L),Texas,District 24 ,False,False,1.6,570,212,358
Roger Williams,(R),Texas,District 25 ,True,True,55.9,2435121,3347267,11542
Julie Oliver,(D),Texas,District 25 ,False,False,42.1,2190347,2176319,14028
Michael Burgess,(R),Texas,District 26 ,True,True,60.6,1806588,2081391,142497
Carol Iannuzzi,(D),Texas,District 26 ,False,False,37.3,95937,95937,0
Michael Cloud,(R),Texas,District 27 ,True,True,63.1,1014427,829748,242372
Ricardo De La Fuente,(D),Texas,District 27 ,False,False,34.9,312096,312096,0
Henry Cuellar,(D),Texas,District 28 ,True,True,58.3,2655317,3650848,1550473
Sandra Whitten,(R),Texas,District 28 ,False,False,39.0,24760,27354,-1770
Sylvia Garcia,(D),Texas,District 29 ,True,True,71.1,818984,758382,247599
Jaimy Blanco,(R),Texas,District 29 ,False,False,27.4,4378,0,4378
Eddie Bernice Johnson,(D),Texas,District 30 ,True,True,77.5,589096,494547,415685
Tre Pennie,(R),Texas,District 30 ,False,False,18.4,311109,305446,5663
John Carter,(R),Texas,District 31 ,True,True,53.4,2160187,2214487,200406
Donna Imam,(D),Texas,District 31 ,False,False,44.3,1035222,1035272,-50
Colin Allred,(D),Texas,District 32 ,True,True,52.0,5667725,5611747,159422
Genevieve Collins,(R),Texas,District 32 ,False,False,45.9,5923081,5915256,7825
Jason Sigmon,(I),Texas,District 32 ,False,False,0.7,11791,11651,154
Marc Veasey,(D),Texas,District 33 ,True,True,66.8,1621929,1613446,468344
Fabian Cordova Vasquez,(R),Texas,District 33 ,False,False,25.2,36692,25585,11107
Filemon Vela,(D),Texas,District 34 ,True,True,55.4,983026,1024180,564720
Rey Gonzalez,(R),Texas,District 34 ,False,False,41.8,37118,37446,-2950
Lloyd Doggett,(D),Texas,District 35 ,True,True,65.4,1336576,424804,5205475
Jennifer Sharon,(R),Texas,District 35 ,False,False,30.0,19011,14442,4569
Jason Mata,(I),Texas,District 35 ,False,False,1.9,2632,2632,0
Brian Babin,(R),Texas,District 36 ,True,True,73.6,1345351,1297185,785081
Brandon Rashad Lewis,(D),Texas,District 36 ,False,False,24.3,21714,12278,10813
Blake Moore,(R),Utah,District 01 ,False,True,69.6,844377,816015,28362
Darren Parry,(D),Utah,District 01 ,False,False,30.5,41218,40904,315
Chris Stewart,(R),Utah,District 02 ,True,True,59.0,835139,812462,164694
John Kael Weston,(D),Utah,District 02 ,False,False,36.6,344774,306872,37905
Joe Jarvis,(3),Utah,District 02 ,False,False,,22989,22989,0
John Curtis,(R),Utah,District 03 ,True,True,68.8,874311,687265,351305
Devin Thorpe,(D),Utah,District 03 ,False,False,26.8,191412,190200,1211
Thomas G. McNeill,(3),Utah,District 03 ,False,False,2.0,5516,5516,0
Russel Fugal,(I),Utah,District 03 ,False,False,,393,346,46
Ben McAdams,(D),Utah,District 04 ,True,False,46.7,5613542,5555591,136323
Burgess Owens,(R),Utah,District 04 ,False,True,47.7,5129475,5049146,80329
Jonia Broderick,(3),Utah,District 04 ,False,False,2.1,21394,21265,1002
Peter Welch,(D),Vermont,District 01 ,True,True,64.4,847320,865252,2107307
Rob Wittman,(R),Virginia,District 01 ,True,True,58.5,1969785,2140375,187331
Qasim Rashid,(D),Virginia,District 01 ,False,False,41.7,1559108,1559108,0
Elaine Luria,(D),Virginia,District 02 ,True,True,51.6,6522276,6387474,142175
Scott Taylor,(R),Virginia,District 02 ,False,False,45.8,2452292,2446410,22613
Bobby Scott,(D),Virginia,District 03 ,True,True,68.4,873126,832419,212393
John Collick,(R),Virginia,District 03 ,False,False,31.4,167146,165080,2189
Donald McEachin,(D),Virginia,District 04 ,True,True,61.6,961412,963788,209132
Leon Benjamin,(R),Virginia,District 04 ,False,False,38.2,545354,523429,21925
Cameron Webb,(D),Virginia,District 05 ,False,False,47.3,5755917,5750924,4993
Bob Good,(R),Virginia,District 05 ,False,True,52.4,1373867,1323530,50336
Ben Cline,(R),Virginia,District 06 ,True,True,64.6,892955,672928,238774
Nicholas Betts,(D),Virginia,District 06 ,False,False,35.3,56190,54205,0
Abigail Spanberger,(D),Virginia,District 07 ,True,True,50.8,8387680,7852213,582133
Nick Freitas,(R),Virginia,District 07 ,False,False,49.0,3629431,3600108,29323
Don Beyer,(D),Virginia,District 08 ,True,True,75.8,1729482,2071906,640022
Jeff Jordan,(R),Virginia,District 08 ,False,False,24.0,96035,96035,0
Heerak Christian Kim,(I),Virginia,District 08 ,False,False,,2036,1921,114
Morgan Griffith,(R),Virginia,District 09 ,True,True,94.0,873612,463916,421442
Jennifer Wexton,(D),Virginia,District 10 ,True,True,56.5,3855331,1772250,2140698
Aliscia Andrews,(R),Virginia,District 10 ,False,False,43.4,1567598,1413145,158052
Gerry Connolly,(D),Virginia,District 11 ,True,True,71.4,1998592,1811776,2891921
Manga Anantatmula,(R),Virginia,District 11 ,False,False,28.3,282152,268326,13826
Stevan Porter,(L),Virginia,District 11 ,False,False,,533,1316,149
Suzan DelBene,(D),Washington,District 01 ,True,True,58.6,2182985,1897162,1339118
Jeffrey Beeler,(R),Washington,District 01 ,False,False,41.3,61970,62279,4040
Rick Larsen,(D),Washington,District 02 ,True,True,63.2,1275127,1219489,327798
Tim Hazelo,(R),Washington,District 02 ,False,False,36.6,49478,49322,156
Jaime Herrera Beutler,(R),Washington,District 03 ,True,True,56.4,4566383,4540148,75202
Carolyn Long,(D),Washington,District 03 ,False,False,43.4,4130540,4142685,18007
Dan Newhouse,(R),Washington,District 04 ,True,True,66.3,1173464,991174,299719
Doug McKinley,(D),Washington,District 04 ,False,False,33.5,57666,54227,3440
Cathy McMorris Rodgers,(R),Washington,District 05 ,True,True,60.9,4349448,3432572,1075550
Dave Wilson,(D),Washington,District 05 ,False,False,38.9,109636,109636,0
Derek Kilmer,(D),Washington,District 06 ,True,True,59.4,2524026,2531111,2988099
Elizabeth Kreiselmaier,(R),Washington,District 06 ,False,False,40.4,156123,145108,11015
Pramila Jayapal,(D),Washington,District 07 ,True,True,83.0,2630000,1530626,1783613
Craig Keller,(R),Washington,District 07 ,False,False,16.7,2904,3703,14
Kim Schrier,(D),Washington,District 08 ,True,True,51.7,5422491,3774398,1717753
Jesse Jensen,(R),Washington,District 08 ,False,False,48.1,852396,842269,10127
Adam Smith,(D),Washington,District 09 ,True,True,74.2,1324761,930710,585828
Doug Basler,(R),Washington,District 09 ,False,False,25.7,22536,18328,4790
Marilyn Strickland,(D),Washington,District 10 ,False,True,49.6,1812659,1780633,32026
Beth Doglio,(D),Washington,District 10 ,False,False,35.7,1477678,1477678,0
David McKinley,(R),West,Virginia District 01 ,True,True,69.0,1092609,1085864,393211
Natalie Ms. Cline,(D),West,Virginia District 01 ,False,False,31.0,81032,81881,0
Alex Mooney,(R),West,Virginia District 02 ,True,True,63.1,2155978,864001,2308154
Catherine Kunkel,(D),West,Virginia District 02 ,False,False,36.9,641567,641567,0
Carol Miller,(R),West,Virginia District 03 ,True,True,71.3,869210,720796,167007
Hilary Turner,(D),West,Virginia District 03 ,False,False,28.7,99214,98769,446
Belinda Fox-Spencer,(I),West,Virginia District 03 ,False,False,,5207,5207,0
Bryan Steil,(R),Wisconsin,District 01 ,True,True,59.4,3500849,3151701,375503
Roger Polack,(D),Wisconsin,District 01 ,False,False,40.7,536228,526431,9797
Mark Pocan,(D),Wisconsin,District 02 ,True,True,69.7,1290582,1014628,851013
Peter Theron,(R),Wisconsin,District 02 ,False,False,30.3,35753,33977,4722
Ron Kind,(D),Wisconsin,District 03 ,True,True,51.4,2989262,4435403,877172
Derrick Van Orden,(R),Wisconsin,District 03 ,False,False,48.6,1962443,1948639,13804
Gwen Moore,(D),Wisconsin,District 04 ,True,True,74.7,1183995,1166739,34000
Scott Fitzgerald,(R),Wisconsin,District 05 ,False,True,60.2,1155721,968406,187315
Tom Palzewicz,(D),Wisconsin,District 05 ,False,False,39.9,370392,371799,0
Glenn Grothman,(R),Wisconsin,District 06 ,True,True,59.3,1815756,1736659,269431
Jessica King,(D),Wisconsin,District 06 ,False,False,40.7,287753,245788,41965
Tom Tiffany,(R),Wisconsin,District 07 ,True,True,60.8,2637459,2514740,122719
Tricia Zunker,(D),Wisconsin,District 07 ,False,False,39.2,1261957,1232690,29267
Mike Gallagher,(R),Wisconsin,District 08 ,True,True,64.0,3202905,2841801,1169362
Amanda Stuck,(D),Wisconsin,District 08 ,False,False,36.0,416978,399916,2165
Liz Cheney,(R),Wyoming,District 01 ,True,True,68.6,3003883,3060167,153567
Lynnette Grey Bull,(D),Wyoming,District 01 ,False,False,24.6,134597,132235,2363
